<?xml version="1.0" encoding="UTF-8"?>
<project-private xmlns="http://www.netbeans.org/ns/project-private/1">
    <editor-bookmarks xmlns="http://www.netbeans.org/ns/editor-bookmarks/2" lastBookmarkId="0"/>
    <open-files xmlns="http://www.netbeans.org/ns/projectui-open-files/2">
        <group>
            <file>file:/C:/Users/Ajith/Documents/NetBeansProjects/CabBooking/src/CreateAccount.java</file>
            <file>file:/C:/Users/Ajith/Documents/NetBeansProjects/CabBooking/src/Wallet.java</file>
            <file>file:/C:/Users/Ajith/Documents/NetBeansProjects/CabBooking/src/CA_WalletPopup.java</file>
            <file>file:/C:/Users/Ajith/Documents/NetBeansProjects/CabBooking/src/MySQLDatabase.java</file>
            <file>file:/C:/Users/Ajith/Documents/NetBeansProjects/CabBooking/src/Login.java</file>
            <file>file:/C:/Users/Ajith/Documents/NetBeansProjects/CabBooking/src/Booking.java</file>
        </group>
    </open-files>
</project-private>
